Date,Forecast_Value,Best_Case,Worst_Case
2023-01-01,1095.6245408294242,1053.739717291937,1143.0892425607383
2023-01-02,1084.1091626276286,1038.7685261558352,1126.2425755141994
2023-01-03,1068.6906531671336,1024.0733100604048,1114.722060066054
2023-01-04,1061.31819065405,1017.1065745753932,1104.4611925723266
2023-01-05,1050.441844972275,1007.5339391137389,1092.3092616887634
2023-01-06,1042.309727703891,996.9457435324019,1088.6209571093875
2023-01-07,1039.3927807524517,992.6612858820494,1085.6938952492087
2023-01-08,1028.4560329041285,984.1536581200567,1072.7652793480488
2023-01-09,1021.2022182242704,978.0318002532047,1066.1958297371414
2023-01-10,1010.5650064663043,965.3128460524896,1058.7307304352712
2023-01-11,1008.3889889178234,961.5231423522102,1052.2442928770595
2023-01-12,1003.0166643578826,962.5495538610018,1046.6720116871602
2023-01-13,1000.5878123307876,959.1815967337508,1047.361632024317
2023-01-14,1003.4664571759683,960.7972995038367,1047.5085729066445
2023-01-15,998.314205203359,952.2022018307648,1039.9009697235251
2023-01-16,996.7358051540721,952.5921482299668,1045.0777079160323
2023-01-17,991.5741425344289,948.7902228993063,1037.3046678641765
2023-01-18,994.5917766924488,950.8166527488858,1039.4820547414447
2023-01-19,994.0592365113333,950.8461568481214,1038.4466639304455
2023-01-20,996.0554394551563,954.995365121636,1041.498356489733
2023-01-21,1002.8954216667123,960.6657343969364,1047.5150627535666
2023-01-22,1001.204152730198,960.0858620801049,1046.4245678795478
2023-01-23,1002.5622834769549,955.4262872953921,1046.343421959281
2023-01-24,999.8010425543757,957.0263983211903,1044.019580767044
2023-01-25,1004.6834023169213,959.6132134543309,1048.614867866817
2023-01-26,1005.4917480413218,960.8353070792925,1047.294448126963
2023-01-27,1008.3274381847258,962.2076822543453,1053.1058187259832
2023-01-28,1015.5374721582562,970.5869586092971,1060.784321330853
2023-01-29,1013.7870713153,968.5485063625549,1056.6964322438696
2023-01-30,1014.7040570189224,972.7595187112852,1059.7777129432172
2023-01-31,1011.1722791025195,965.9880144423129,1059.0812504079504
2023-02-01,1015.0112540841436,973.0616450290489,1057.1677113680641
2023-02-02,1014.5622858185253,970.8596594745412,1055.4864058797568
2023-02-03,1015.9864948807419,973.5326621313369,1060.4398169946298
2023-02-04,1021.6900090402188,977.344546904898,1063.9191676835514
2023-02-05,1018.3951545100751,973.2001294362701,1060.109075818857
2023-02-06,1017.7835621599926,972.5055666843513,1061.490566315168
2023-02-07,1012.7884683315151,966.5550289606989,1057.528675385452
2023-02-08,1015.273391355933,971.4214056848804,1063.3234560783453
2023-02-09,1013.6174732032156,968.413118504125,1061.8536004488503
2023-02-10,1014.0129240403905,967.5750828347142,1056.2915691624548
2023-02-11,1018.8898281586205,972.6479178587275,1064.6844872306874
2023-02-12,1014.9871516958582,971.2615371841184,1061.2364226584612
2023-02-13,1013.9958618864184,968.2975716902508,1060.4871213874003
2023-02-14,1008.8514281181833,961.0642426615535,1053.7666541401434
2023-02-15,1011.4128720509962,967.9127547485392,1055.869984702578
2023-02-16,1010.0486384142115,964.1982039824369,1054.554723164192
2023-02-17,1010.9347030958174,967.3492623304347,1056.476936425525
2023-02-18,1016.4585388220482,974.0262386912596,1061.6592119952961
2023-02-19,1013.3558246976705,971.969387242734,1059.1208059165276
2023-02-20,1013.2896391418733,970.2501837915631,1058.2299326147152
2023-02-21,1009.1655223761892,968.246199817977,1049.495465443879
2023-02-22,1012.8114770765725,970.2213540257444,1058.1868957323945
2023-02-23,1012.5647671765937,968.2376070539935,1057.9274908887007
2023-02-24,1014.5709072126891,967.9492440955181,1057.030745628707
2023-02-25,1021.2100549440163,978.5035953985198,1063.4829956067247
2023-02-26,1019.1696028522048,974.9455781615947,1063.0138248178403
2023-02-27,1020.08883551645,974.8855354750985,1063.69296655535
2023-02-28,1016.8528835737267,970.0073664519493,1060.5204642456677
2023-03-01,1021.2731060722242,974.8457266707437,1062.819339342295
2023-03-02,1021.6741423232113,975.0844974826258,1069.285534384702
2023-03-03,1024.1930249319294,979.9935450182228,1068.461233732913
2023-03-04,1031.205569744913,986.2460782606596,1075.124497540431
2023-03-05,1029.3988448092198,981.6829822914426,1073.3403772759934
2023-03-06,1030.4155949897347,988.2924794610512,1074.8653923658055
2023-03-07,1027.1478653656318,982.939894601266,1074.047056179624
2023-03-08,1031.4169699163479,987.2353993435526,1073.8899976595787
2023-03-09,1031.560063078948,988.7734050372594,1080.5340418888015
2023-03-10,1033.7287235570643,991.8749182266946,1078.0623988061175
2023-03-11,1040.3147844741445,994.9217560542606,1087.0707006721573
2023-03-12,1038.0222304085644,991.2445093159147,1083.1681514799704
2023-03-13,1038.4761852254896,996.2743222544922,1085.0298409645798
2023-03-14,1034.6206043907969,987.403783437038,1080.9328803474543
2023-03-15,1038.2931267015097,993.2794861401721,1085.5221684828507
2023-03-16,1037.8460638303652,993.0851601303463,1080.842466861688
2023-03-17,1039.4445949870915,997.5117349215266,1087.0214093569696
2023-03-18,1045.4922805198526,1002.5663940147264,1087.8488726682292
2023-03-19,1042.7027213653942,1001.1799564196779,1089.2561954925711
2023-03-20,1042.7432626029374,997.4826912163006,1087.7492152276438
2023-03-21,1038.5280021113974,995.4134904773733,1081.910193107105
2023-03-22,1041.8972645939557,995.5028447294142,1085.54798300368
2023-03-23,1041.2038079248548,994.8290822819507,1081.944797762113
2023-03-24,1042.611176076484,996.5100001809338,1085.7686250578076
2023-03-25,1048.5194331291111,1005.8598445991825,1097.1949955244365
2023-03-26,1045.6370950065607,997.7193021585994,1089.758332188361
2023-03-27,1045.6251456531131,999.5207048986971,1088.919416883818
2023-03-28,1041.3903862508228,994.9602536458954,1086.5675219713607
2023-03-29,1044.7652649034637,1002.4359935470219,1090.565836587778
2023-03-30,1044.094440894154,997.277039730473,1089.0325985963775
2023-03-31,1045.533485330061,1001.2153938770902,1090.3910287421418
2023-04-01,1051.4749410234408,1006.6539548492937,1095.9156233443866
2023-04-02,1048.6205477411415,1006.0769613540004,1095.9098065123737
2023-04-03,1048.6255104770055,1004.7499897243808,1093.2405018064292
2023-04-04,1044.392051981796,999.7587919460764,1088.228562171947
2023-04-05,1047.7058992610682,1003.6437801303618,1094.6768626778908
2023-04-06,1046.9534158811075,1000.6546059811698,1091.9418104640101
2023-04-07,1048.289858099347,1005.0701496453752,1092.018201423738
2023-04-08,1054.1089007191129,1011.9001284010701,1101.1730215582172
2023-04-09,1051.1147802310222,1007.5274788201127,1094.3956049676742
2023-04-10,1050.9664295983912,1009.6368813719554,1097.8358704062384
2023-04-11,1046.5708520232474,1001.1001026426178,1090.093505462996
2023-04-12,1049.7628831399318,1002.3123714790729,1096.075625970836
2023-04-13,1048.891600885464,1005.7832662127964,1092.7000052199944
2023-04-14,1050.1187928660045,1008.0407748052546,1093.2905763194553
2023-04-15,1055.8447145951247,1010.0843944404261,1101.1344052588258
2023-04-16,1052.779957364791,1003.8826982876373,1095.920715302811
2023-04-17,1052.589317659057,1009.506965260583,1097.8958277032748
2023-04-18,1048.184924710073,1000.9749380812069,1093.8701371777927
2023-04-19,1051.405784079718,1004.6404416150247,1094.906073413722
2023-04-20,1050.6040038616734,1007.6138710673772,1094.9972045179868
2023-04-21,1051.943119356224,1006.2588370339843,1094.3712662276744
2023-04-22,1057.8237541376147,1013.4418197743732,1103.820413495526
2023-04-23,1054.9554392083792,1010.5892031995592,1096.740822246458
2023-04-24,1055.0004834044855,1010.7810416372587,1101.7921871201224
2023-04-25,1050.8671512152282,1005.0677029988072,1096.0416492927347
2023-04-26,1054.3893038187396,1012.2954923463741,1100.227856300295
2023-04-27,1053.9127662978303,1011.288496169578,1096.479056742546
2023-04-28,1055.5938318555202,1007.7745352720966,1099.2505708645924
2023-04-29,1061.8020122865346,1016.755542949535,1106.0355545674631
2023-04-30,1059.2614612619052,1016.1028772546018,1105.4317039692544
2023-05-01,1059.6257314406498,1016.0527076532754,1100.0450046075034
2023-05-02,1055.7943373402156,1011.4486167636336,1100.870915316828
2023-05-03,1059.5926590800816,1014.7357815163501,1104.6479907281491
2023-05-04,1059.3585639017044,1016.3976971821359,1104.0445271070155
2023-05-05,1061.2411481927993,1018.4334598224615,1104.9726350944072
2023-05-06,1067.6268242484539,1023.581935210091,1112.2108886143812
2023-05-07,1065.2115596711596,1021.9793412306931,1109.4958419241605
2023-05-08,1065.6451491330804,1021.0044428479114,1108.4512554327855
2023-05-09,1061.824762011134,1017.3431389703098,1105.7799898835538
2023-05-10,1065.5749102319667,1022.017463670179,1109.8652788403479
2023-05-11,1065.2340893735552,1020.7838527884725,1110.0185384926833
2023-05-12,1066.9534957718638,1025.490439512884,1110.5997638675276
2023-05-13,1073.1230453150142,1027.358405118688,1117.9962959884315
2023-05-14,1070.44350463747,1026.055052925499,1113.4646809144597
2023-05-15,1070.5706184896942,1027.0941858500235,1114.4331916847357
2023-05-16,1066.408481933638,1021.8981530148731,1108.9491034600808
2023-05-17,1069.7893077398244,1028.2069778325133,1115.79740958155
2023-05-18,1069.0598487546756,1023.7519919693888,1112.1574962246273
2023-05-19,1070.37988515609,1023.6164475707023,1120.6168523947063
2023-05-20,1076.1480096538298,1036.0177161205763,1119.8525108112979
2023-05-21,1073.073528675095,1029.9230607726263,1116.101668549895
2023-05-22,1072.8203260510445,1025.5351555306,1115.65781655508
2023-05-23,1068.3001658782325,1022.8909495564229,1113.3433327404184
2023-05-24,1071.3521477321835,1029.7543641778816,1112.6730641673105
2023-05-25,1070.3290218964062,1026.7475750435651,1114.7387568470751
2023-05-26,1071.395556873252,1025.1933865231904,1115.7093791968414
2023-05-27,1076.9542392227352,1032.7549553468934,1120.519510890675
2023-05-28,1073.7171252357582,1028.7929624287542,1120.5106590754776
2023-05-29,1073.3497354772796,1029.248768242399,1119.1908911803157
2023-05-30,1068.7642463653663,1023.1565190389686,1111.163244740789
2023-05-31,1071.799132788527,1029.2098726211836,1118.067560430933
2023-06-01,1070.8055231884955,1023.9865741123975,1117.848703714998
2023-06-02,1071.9456767087024,1028.838370466535,1113.9488106256438
2023-06-03,1077.618813229277,1035.5186740723461,1121.2498327342714
2023-06-04,1074.5331103006429,1027.5719741802232,1121.4706555674202
2023-06-05,1074.3497521562144,1035.6246132095807,1117.6420128127195
2023-06-06,1069.9762789739577,1024.746515478053,1112.5908761940236
2023-06-07,1073.2463844716333,1027.489036063849,1119.2597423301158
2023-06-08,1072.5064176396215,1029.377410812676,1118.5113131279682
2023-06-09,1073.9139930847393,1029.578975668566,1120.0334576840867
2023-06-10,1079.8639363565708,1036.1416405106893,1121.4175333838498
2023-06-11,1077.0603746525417,1029.65779175592,1122.1185318574146
2023-06-12,1077.1608554235847,1031.0751932252929,1119.3501709778805
2023-06-13,1073.0697394352046,1026.0326952801267,1114.4094993398153
2023-06-14,1076.6180147063544,1032.5372558675485,1119.0622119993982
2023-06-15,1076.1497934084348,1031.2930798636994,1120.0905646158976
2023-06-16,1077.8208864422563,1032.4177698109152,1120.6597732757693
2023-06-17,1084.02469610385,1040.8538658460884,1125.4803442554069
2023-06-18,1081.464235058558,1034.4464970609638,1126.0924716160387
2023-06-19,1081.7961595499803,1034.591029978331,1128.4513249123913
2023-06-20,1077.9240682335756,1030.747216402404,1119.9068777142058
2023-06-21,1081.6782194100144,1035.4613493330144,1124.378835747977
2023-06-22,1081.401928423006,1035.9833361264225,1125.071708913293
2023-06-23,1083.2500566760452,1039.6790530940987,1127.2812365842638
2023-06-24,1089.6148263543485,1045.4403990342175,1135.7604904541286
2023-06-25,1087.1977793789276,1043.2972339133976,1130.9749261496197
2023-06-26,1087.6537713255118,1044.8399032651498,1132.4190191221512
2023-06-27,1083.8842548156395,1044.166037220278,1129.9518360929944
2023-06-28,1087.717007301791,1046.427676007535,1132.154905502371
2023-06-29,1087.4925660815231,1042.3477255886712,1131.8887842096597
2023-06-30,1089.3627819224207,1048.4619989623757,1131.6980766765744
2023-07-01,1095.716724140401,1049.3162714693324,1140.32058390925
2023-07-02,1093.2527532623171,1051.841698609952,1137.133157137355
2023-07-03,1093.6226485168634,1049.370378273652,1138.627357976036
2023-07-04,1089.7250401803133,1046.1490212141478,1137.3046731818595
2023-07-05,1093.3852963686625,1047.6949930934868,1135.5768686243405
2023-07-06,1092.9421211046822,1044.848870091111,1139.8975262720874
2023-07-07,1094.5462685635666,1051.1687945982796,1138.0762761830722
2023-07-08,1100.5865562969052,1058.051172789444,1149.4901962826955
2023-07-09,1097.7622034382618,1054.0706910884214,1143.860217515354
2023-07-10,1097.726941451806,1053.8513891175462,1142.637805041864
2023-07-11,1093.3825746569755,1045.5412107810873,1135.0797174138052
2023-07-12,1096.5589182537067,1052.2977345390636,1137.9570731345495
2023-07-13,1095.600409673205,1051.7498118537214,1141.7784598907672
2023-07-14,1096.6647949671658,1052.2352776164448,1141.4357199721148
2023-07-15,1102.1491144560448,1056.183836182163,1147.1504845653822
2023-07-16,1098.7617965469935,1054.4405381726117,1143.8732193954384
2023-07-17,1098.1667414692117,1049.9784330377383,1140.7385667590706
2023-07-18,1093.2766414500345,1045.2999613519587,1137.564631097425
2023-07-19,1095.9326856214561,1053.5921188066793,1142.8441050597228
2023-07-20,1094.490907526098,1049.232712029214,1139.6060999810995
2023-07-21,1095.1205835713995,1050.7591322618773,1137.560674798918
2023-07-22,1100.2299143861221,1058.5756818618104,1145.9320184781802
2023-07-23,1096.5378066070477,1048.0510020723764,1139.7676980638814
2023-07-24,1095.7176460921312,1052.7145928216535,1140.7505664109779
2023-07-25,1090.6903186855031,1048.0256159113576,1133.8387132384244
2023-07-26,1093.3036364791694,1049.259183100485,1133.7285138521738
2023-07-27,1091.918436838812,1050.1657627828517,1134.4577453273064
2023-07-28,1092.706771374037,1046.5069630661035,1136.262847824336
2023-07-29,1098.077424768502,1051.8067661351208,1139.0080789597696
2023-07-30,1094.7475878088164,1051.9676982771712,1136.9760317397559
2023-07-31,1094.3721504945815,1049.1713303465342,1143.235583842556
2023-08-01,1089.8800277292055,1043.9620060893744,1135.539535612691
2023-08-02,1093.1103723457716,1044.7016406527646,1134.8012020196245
2023-08-03,1092.413247996997,1045.4697178404663,1138.2740648559957
2023-08-04,1093.9480246063783,1048.5860196284095,1139.1504697645416
2023-08-05,1100.1091629494274,1054.6221973902864,1140.9881018564336
2023-08-06,1097.598206924642,1054.5647513257964,1141.7922409206951
2023-08-07,1098.0678723483531,1057.8182353280674,1144.1096434188996
2023-08-08,1094.415483005313,1052.2395777235226,1141.2976084662973
2023-08-09,1098.4629033435172,1052.124486761516,1141.9978852915128
2023-08-10,1098.5432235267187,1056.0993108318928,1141.962061283993
2023-08-11,1100.799599738339,1057.4495839173403,1145.991864711454
2023-08-12,1107.611472990866,1064.5040857460249,1152.4613402100842
2023-08-13,1105.6669721820042,1060.959607353958,1148.801361717138
2023-08-14,1106.607377778959,1061.8633988940678,1153.4075188024378
2023-08-15,1103.320885165231,1056.8423027488502,1149.0777654176534
2023-08-16,1107.6228064684278,1062.0430742777291,1151.7235593327873
2023-08-17,1107.8424574895682,1064.2911959272542,1151.988053977092
2023-08-18,1110.1221253208391,1068.345669681591,1152.4210205539116
2023-08-19,1116.8433346513298,1072.5856240707328,1163.971079385974
2023-08-20,1114.699215504428,1066.9304986500456,1157.4465782690831
2023-08-21,1115.3388481916445,1074.2067114832607,1157.834773419313
2023-08-22,1111.660826394433,1068.3290939760707,1158.0372377863291
2023-08-23,1115.493124337648,1071.4765570731622,1162.3384240113996
2023-08-24,1115.1798074426276,1072.4985891868319,1157.43734249064
2023-08-25,1116.8794189949506,1072.0125314062684,1161.7728497373314
2023-08-26,1122.9908438838504,1078.9892560611206,1168.1765735784018
2023-08-27,1120.225178883858,1074.2977343482723,1164.015343161345
2023-08-28,1120.2495566027385,1071.5749103301935,1164.4289245254613
2023-08-29,1115.980179130846,1067.176364846539,1160.337013509515
2023-08-30,1119.2617202369463,1074.9338934281207,1165.655429242261
2023-08-31,1118.453365244568,1074.0010607746085,1160.188619592478
2023-09-01,1119.7269085516868,1076.0190511562685,1164.087306833391
2023-09-02,1125.492152333878,1082.1500271286866,1169.0233009169601
2023-09-03,1122.4684351364024,1075.3814048468428,1165.2311239076842
2023-09-04,1122.3281917450852,1077.495097494185,1167.4626535081363
2023-09-05,1117.989809716679,1070.5854735987693,1168.0443288686176
2023-09-06,1121.2969483053505,1075.585598754123,1166.327535718187
2023-09-07,1120.6045930976672,1072.8106987132005,1168.2063557317772
2023-09-08,1122.0772675988926,1078.1381695385198,1167.0346995671246
2023-09-09,1128.1146435932483,1083.6189791023926,1175.8004017952983
2023-09-10,1125.4233742551573,1081.7485322573446,1169.6251744447363
2023-09-11,1125.6610437417478,1079.3844117607173,1166.148124107049
2023-09-12,1121.7294882247538,1075.7463618962086,1164.6155137488195
2023-09-13,1125.4546411689619,1077.6086757582698,1168.7682573034695
2023-09-14,1125.1731610689133,1079.6197580572261,1169.7046875780793
2023-09-15,1127.031246026745,1084.2894261750778,1170.3701286092933
2023-09-16,1133.4108322995505,1087.9122791640086,1180.6218931238934
2023-09-17,1131.0021145976632,1087.9790733433074,1178.1372006887825
2023-09-18,1131.4479972905247,1085.220082567751,1176.029342053478
2023-09-19,1127.637978154505,1080.2313842775443,1173.6908214957466
2023-09-20,1131.388466918705,1089.5025860420262,1175.3776268778392
2023-09-21,1131.0298070370482,1087.406327471401,1174.2609022423278
2023-09-22,1132.7053907709424,1089.4431686922371,1175.138713490752
2023-09-23,1138.798079468311,1092.67008446169,1182.5028059079796
2023-09-24,1136.0027252400685,1092.0477848383232,1180.375274444235
2023-09-25,1135.9706630437227,1093.6753264382407,1178.8856690782052
2023-09-26,1131.6034072924754,1085.580090833211,1174.3371355861445
2023-09-27,1134.7326895650858,1089.803097754469,1179.8780896084359
2023-09-28,1133.7070846131915,1085.8790655617697,1176.7189040508345
2023-09-29,1134.6906237155645,1089.093742171017,1180.7948390922238
2023-09-30,1140.088619709808,1095.328431452827,1185.5773845299855
2023-10-01,1136.6195155455491,1094.1260777933749,1183.859206453876
2023-10-02,1135.958643830786,1090.3690698901473,1177.9546788689865
2023-10-03,1131.0311522931681,1087.7845430695922,1177.8940248653005
2023-10-04,1133.6912543253068,1091.332252403327,1177.6111133315244
2023-10-05,1132.308075570528,1088.8905897549052,1178.0195214433218
2023-10-06,1133.0635198552684,1089.4214325664598,1178.3410477384534
2023-10-07,1138.3774028479481,1095.3886890868762,1181.5778650301222
2023-10-08,1134.9786884176608,1089.9232999045178,1179.2561305876059
2023-10-09,1134.5486477671968,1094.3299721005615,1179.8067169516755
2023-10-10,1130.0136599507057,1085.9463055817023,1175.7297158604238
2023-10-11,1133.2239402305656,1089.6473381056348,1177.1693127091373
2023-10-12,1132.5393689857335,1086.7356058045284,1173.9512725344916
2023-10-13,1134.127408799608,1089.4534216186692,1177.540827342416
2023-10-14,1140.3884514819963,1097.5006779912203,1183.4471879117418
2023-10-15,1138.0274298832403,1097.4470842820633,1181.2701897593981
2023-10-16,1138.6975986336045,1094.1941254601197,1184.5590438284207
2023-10-17,1135.2937483628948,1091.995723526362,1178.7695927012476
2023-10-18,1139.6320146772232,1091.437158589219,1183.6711907991296
2023-10-19,1140.0365471411797,1095.3203360451523,1189.2309104931037
2023-10-20,1142.6384479688982,1097.7793624422986,1189.3716060491377
2023-10-21,1149.8022074520027,1106.3588160067652,1194.0162716076168
2023-10-22,1148.1984423647161,1104.7945945034016,1192.7287584366204
2023-10-23,1149.4488107936545,1104.5261113010556,1192.3705742362843
2023-10-24,1146.4203359875128,1101.6203687777893,1187.6507509384112
2023-10-25,1150.9062681235903,1106.6179021063645,1195.2514641260411
2023-10-26,1151.2137173227954,1108.5732329571417,1193.817937096559
2023-10-27,1153.4634370587032,1108.1269118467583,1199.8477229108041
2023-10-28,1160.0169566690754,1113.8377525149144,1202.7954983828367
2023-10-29,1157.5498439705884,1113.3082944740986,1201.4904178835666
2023-10-30,1157.6969500398372,1111.7843540758563,1199.1440466374484
2023-10-31,1153.3468519208593,1110.596863500475,1197.9299459466806
2023-11-01,1156.3225259385515,1110.699987589895,1202.6906989442787
2023-11-02,1154.9689014146745,1112.8819701599803,1195.0760863025803
2023-11-03,1155.4518285884294,1109.3886480617507,1200.6149725012733
2023-11-04,1160.1845104868307,1113.5482271706674,1202.156583166556
2023-11-05,1155.899769152315,1109.7588683602858,1201.6357386323205
2023-11-06,1154.2941007290788,1110.7529810545884,1195.4353625081467
2023-11-07,1148.320758719505,1102.1979557342231,1192.3412332081373
2023-11-08,1149.8690113132827,1108.1069902660738,1192.5459605485014
2023-11-09,1147.3498332629356,1103.741188216583,1191.078906740743
2023-11-10,1146.9934482977778,1102.2246416134371,1191.754821025899
2023-11-11,1151.273966641753,1106.8149405609345,1193.8370804512292
2023-11-12,1146.9799525511971,1104.6464905671412,1187.5143119987729
2023-11-13,1145.8568347278583,1103.2248643248668,1191.4502439462683
2023-11-14,1140.8984416444648,1093.6644993619636,1185.5333223401215
2023-11-15,1144.0248491742518,1098.6214232423108,1189.4841551831996
2023-11-16,1143.6668401647664,1097.58705911358,1189.0498316254022
2023-11-17,1146.0624277480608,1101.4179978530947,1189.7700567075217
2023-11-18,1153.6807184063496,1113.7015827991634,1200.1893151594998
2023-11-19,1153.2919759336485,1106.0809778459484,1196.7694935147504
2023-11-20,1156.6098193737141,1113.2560553114645,1201.096028813803
2023-11-21,1156.5828505719783,1112.5374464434317,1204.7121795409319
2023-11-22,1165.0729052367285,1120.5508908184017,1207.5642429725494
2023-11-23,1170.4402262589897,1129.7278653906337,1217.7440755233974
2023-11-24,1178.8409964832651,1135.0386204305566,1226.4431043569148
2023-11-25,1192.6525220981719,1146.8751079009235,1236.9003867241674
2023-11-26,1198.5448427819224,1153.7936725174613,1244.7182398378936
2023-11-27,1208.1247339047673,1162.4369820776396,1253.361064001723
2023-11-28,1214.229329551445,1168.055011504961,1259.6592542042845
2023-11-29,1228.6065252323117,1181.6736748751,1274.0756982556345
2023-11-30,1239.5024133837244,1196.365387968883,1283.99180325211
2023-12-01,1252.9611460196993,1207.0954057664148,1293.7953090953124
2023-12-02,1271.2524334420411,1227.2044786698882,1315.417668307376
2023-12-03,1280.9454648190522,1233.639355096895,1322.8770374304831
2023-12-04,1293.5551018533588,1246.467664041584,1339.020176228091
2023-12-05,1301.8375546548339,1257.3245905435435,1345.97592360202
2023-12-06,1317.4726445371348,1273.1472734587485,1364.2594406629685
2023-12-07,1328.6528627483506,1281.7827445610603,1372.9456569674392
2023-12-08,1341.3845803548397,1294.8958889894366,1386.7743921451452
2023-12-09,1357.9165849676028,1313.8466596807236,1404.114259616542
2023-12-10,1364.8147036636547,1322.2138347878604,1408.296550442407
2023-12-11,1373.6083443060552,1330.6273203424316,1414.7767791344475
2023-12-12,1377.0861533025786,1332.0446346978772,1420.4007876850521
2023-12-13,1386.9778916976807,1342.6632286728866,1433.9640758769237
2023-12-14,1391.5427441491706,1348.47297090707,1434.9982342076948
2023-12-15,1396.8694298240125,1353.2673627319625,1440.252677052993
2023-12-16,1405.3033127008034,1360.9141584464685,1448.3746740903616
2023-12-17,1403.5192999292965,1356.219322417717,1445.2140028198082
2023-12-18,1403.1663965902242,1358.542152290214,1446.5199835448234
2023-12-19,1397.1611569685256,1351.0129289010013,1441.4660880846225
2023-12-20,1397.367181490364,1351.9593482493126,1439.8954142349723
2023-12-21,1392.1809248327954,1346.165900912256,1437.7531242515513
2023-12-22,1387.8292380859061,1346.1222080169969,1432.3401879507855
2023-12-23,1386.7938977003437,1341.1259494347246,1432.1632133613691
2023-12-24,1375.8819653006863,1330.6783262340998,1422.0824888409627
2023-12-25,1366.8679010049266,1323.2882890500034,1414.1769699448976
2023-12-26,1352.784722341642,1307.8880573446686,1396.089723888719
2023-12-27,1345.601406142644,1299.0389143549319,1391.1700839707848
2023-12-28,1333.8068426682491,1290.1837149450264,1378.6720454069641
2023-12-29,1323.7058027379392,1277.9920453522934,1368.3661904888947
2023-12-30,1317.842202016953,1276.3848752762542,1361.5713409774667
2023-12-31,1303.0685307137896,1257.7304322716868,1346.1470023907311
2024-01-01,1291.1873877657263,1246.0872964495045,1335.210660279401
2024-01-02,1275.2424199763304,1233.673081123485,1319.5516887877868
2024-01-03,1267.195863673956,1222.756916635968,1312.596651829405
2024-01-04,1255.51299022811,1209.0501393509737,1301.0363330487296
2024-01-05,1246.4589004363138,1203.273045358998,1291.9737570694908
2024-01-06,1242.522928787529,1199.0853807211129,1285.5444995990415
2024-01-07,1230.489495958847,1185.7588308169024,1275.8409225909909
2024-01-08,1222.081312754756,1178.0644343695246,1271.188153296552
2024-01-09,1210.25219504001,1167.1099456164645,1254.8589623864216
2024-01-10,1206.8666423062823,1159.506964948163,1252.0420060595825
2024-01-11,1200.2864333908058,1159.999064678827,1245.2244230872882
2024-01-12,1196.6696348000805,1154.665449611753,1240.7895361098708
2024-01-13,1198.3972325826599,1152.6950731594682,1243.379792217063
2024-01-14,1192.146176696799,1147.3664453270164,1238.7936457100275
2024-01-15,1189.5346935062098,1144.977866614886,1233.223740157434
2024-01-16,1183.4170813047908,1139.080591274043,1226.4421018776989
2024-01-17,1185.565100794131,1141.4435844356303,1227.2703125106189
2024-01-18,1184.2561781382476,1138.4870515675084,1228.9849876749608
2024-01-19,1185.573785762798,1140.9893468907392,1228.4835454881054
2024-01-20,1191.8351877333753,1145.9425723172756,1239.417310099112
2024-01-21,1189.6653212141787,1147.205597026253,1233.7271606641607
2024-01-22,1190.642659109786,1145.2252467652845,1236.789265303105
2024-01-23,1187.5942652797528,1139.794690109139,1233.6104573916043
2024-01-24,1192.2771576799505,1150.4172646707518,1238.25847849904
2024-01-25,1192.9662071761181,1147.3716366796584,1238.3613441801012
2024-01-26,1195.7539536007998,1150.8027925987942,1239.4016975299219
2024-01-27,1202.9775480147669,1158.7145792711192,1251.3247183911592
2024-01-28,1201.2916198376624,1158.6744234120972,1244.8533420995532
2024-01-29,1202.3129453492813,1159.8011607173794,1248.4920827951355
2024-01-30,1198.9141636997379,1155.4834344795765,1243.673047337012
2024-01-31,1202.903692930078,1158.039364270591,1246.8121014789956
2024-02-01,1202.6121123067035,1159.005811423957,1247.7129061564444
2024-02-02,1204.1904316450798,1159.7297296630047,1248.6183421825344
2024-02-03,1210.0354943087034,1164.1984365216463,1253.6428954672338
2024-02-04,1206.8613507694263,1160.4804112037743,1251.4044953582418
2024-02-05,1206.342512365778,1162.3499124564096,1251.4721351418768
2024-02-06,1201.4063633511782,1161.4286289447357,1250.933277620525
2024-02-07,1203.9119109915785,1159.8588121034745,1246.0399792371295
2024-02-08,1202.2351629457005,1156.7408444683351,1243.552962920073
2024-02-09,1202.5665704926255,1156.318480814672,1249.9897689618913
2024-02-10,1207.3357977812334,1164.8473073554885,1249.9471461861522
2024-02-11,1203.2826600936373,1160.75528569062,1248.4171120944206
2024-02-12,1202.1001441749413,1159.0295701949635,1244.8812065890463
2024-02-13,1196.7267848695108,1151.2746590853483,1239.6043048879155
2024-02-14,1199.0255697900495,1155.536791310708,1245.3988701659944
2024-02-15,1197.3696484834938,1157.5208363995498,1242.7684390833122
2024-02-16,1197.940267784556,1151.556918059526,1242.9623753807614
2024-02-17,1203.1521731428627,1155.166659754945,1250.5101145488177
2024-02-18,1199.7252956804518,1155.0469004633849,1240.6220684204968
2024-02-19,1199.328612668582,1153.8393504979413,1244.5718228909689
2024-02-20,1194.8734289320785,1152.3593800022045,1238.6725699577298
2024-02-21,1198.193223572185,1153.6396554568798,1240.8988543772698
2024-02-22,1197.630311296262,1151.5396480315155,1241.4259897657
2024-02-23,1199.3347137583935,1154.5030985327276,1242.4200228711752
2024-02-24,1205.690455982603,1158.2781764029844,1247.506593140695
2024-02-25,1203.3880851009449,1160.0798729233697,1248.0783095925037
2024-02-26,1204.0694736227877,1159.7370808087708,1249.411815130904
2024-02-27,1200.6211664816226,1157.9674063093296,1245.340469630027
2024-02-28,1204.8553463905985,1159.724124877972,1248.8689293838884
2024-02-29,1205.0967141498936,1160.3232463671195,1249.004720836145
2024-03-01,1207.4816454145748,1164.0453472982347,1252.4078052893408
2024-03-02,1214.3846430044312,1167.9003065689071,1262.7958843881545
2024-03-03,1212.4908840820826,1166.2616852937856,1253.4112291073416
2024-03-04,1213.4407357346936,1168.5299184705611,1258.0043898110662
2024-03-05,1210.1234787327992,1166.5353292668265,1252.5981300950377
2024-03-06,1214.3573824975165,1169.7661425607685,1260.2379461556056
2024-03-07,1214.4763853581169,1171.8109306714825,1256.6858550699058
2024-03-08,1216.6287860606874,1173.5621702638848,1261.3278797251655
2024-03-09,1223.203177383336,1180.5951510797736,1266.0009747619474
2024-03-10,1220.900439427739,1176.9051470498932,1269.2330422092389
2024-03-11,1221.3776845964574,1178.748770783024,1265.1695663686926
2024-03-12,1217.5414121756246,1175.0452748286248,1260.487074200321
2024-03-13,1221.2270328464888,1176.9910429796355,1262.965030688124
2024-03-14,1220.7850331621278,1173.8648498624914,1265.2946477948958
2024-03-15,1222.379200139885,1179.8602229796793,1265.659431322724
2024-03-16,1228.4121488884336,1183.6970058936736,1274.442610682641
2024-03-17,1225.5969804960414,1180.7654626431067,1270.7308815267634
2024-03-18,1225.6009692330242,1181.5494076816135,1272.8885646872839
2024-03-19,1221.3385413060014,1179.9443723580298,1265.565727239739
2024-03-20,1224.6507071612539,1181.2334302322747,1269.3198065219779
2024-03-21,1223.8912156718186,1180.8247975677414,1266.15006162129
2024-03-22,1225.2248477761225,1179.7321834781283,1271.007272406151
2024-03-23,1231.053085305359,1185.0030326869166,1278.6078698088525
2024-03-24,1228.085974648461,1185.7876029458018,1273.266604554378
2024-03-25,1227.9860743095207,1182.026177165946,1273.2145140691166
2024-03-26,1223.6617373369659,1178.3104997412886,1268.2850021487204
2024-03-27,1226.9468782843235,1180.2311947349374,1272.0615962654529
2024-03-28,1226.1874808296245,1183.361685056995,1269.3934665170702
2024-03-29,1227.5402496148038,1183.9001726093356,1272.819223881422
2024-03-30,1233.3986305811206,1189.138143754113,1281.2348632487003
2024-03-31,1230.4650070021614,1187.246028167352,1272.4591706033618
2024-04-01,1230.3949495558109,1184.3884118490103,1272.003893173351
2024-04-02,1226.0907619636823,1183.8502979791817,1271.281560839175
2024-04-03,1229.3814640499263,1186.6511781943143,1273.8430717605322
2024-04-04,1228.6094623839758,1184.5305489611317,1271.5940940933638
2024-04-05,1229.9293080926213,1185.036199456097,1272.7079593896533
2024-04-06,1235.7337641991685,1191.1604306455688,1276.8427227038524
2024-04-07,1232.725989837171,1186.0142467411,1277.735794775004
2024-04-08,1232.5637218249879,1184.9006921758714,1277.053520394996
2024-04-09,1228.1526991511278,1184.8200548588586,1272.179552981826
2024-04-10,1231.326477935327,1183.567510931891,1273.6192578883217
2024-04-11,1230.4328942038592,1187.1398406163405,1272.4761462731544
2024-04-12,1231.6390078839693,1187.647807271504,1276.2010189454243
2024-04-13,1237.3376323021794,1193.5272018713247,1284.7545440327372
2024-04-14,1234.2385209427655,1190.6003192325818,1280.2757007995988
2024-04-15,1234.00584733138,1188.549073084389,1276.1617255767947
2024-04-16,1229.5513607796356,1187.354582350187,1273.6896007255675
2024-04-17,1232.7139495177844,1186.3276901047136,1276.1146792554428
2024-04-18,1231.84587722303,1191.6832109964862,1275.8694328389076
2024-04-19,1233.1111085274126,1189.4103784082881,1275.0303825541248
2024-04-20,1238.910961480225,1196.3034468612072,1282.2237601161003
2024-04-21,1235.9559090291634,1194.7288200162302,1278.5825310510613
2024-04-22,1235.9094233522558,1193.6999584005816,1278.75285015411
2024-04-23,1231.6811201419735,1188.269949053427,1274.4744776557848
2024-04-24,1235.1063598158728,1188.1367809516155,1279.6837937055993
2024-04-25,1234.5325699832968,1189.0696710557233,1277.873158871552
2024-04-26,1236.1177014971381,1190.651404676572,1277.8363958180164
2024-04-27,1242.2560513667424,1199.3649901573542,1283.8405818783838
2024-04-28,1239.6502686351553,1198.112346253196,1282.8151782361765
2024-04-29,1239.955430044668,1196.5692257237167,1282.784957121856
2024-04-30,1236.0724347878443,1191.056764423135,1279.95642020719
2024-05-01,1239.8278669864515,1195.0501448330003,1279.6723866666064
2024-05-02,1239.5605816513742,1194.222719643597,1283.0867676022451
2024-05-03,1241.4204179177623,1198.6981069521573,1285.3640987023423
2024-05-04,1247.7942646181227,1203.243982675968,1294.2309578191412
2024-05-05,1245.3782866677936,1203.3234252710965,1289.815611083088
2024-05-06,1245.8222479644317,1202.9701767872145,1291.5878815273688
2024-05-07,1242.0228959405954,1196.974854920138,1286.1777281107138
2024-05-08,1245.8041086378803,1202.1038162628222,1290.491935863859
2024-05-09,1245.5035000516398,1201.64342962492,1292.0986713665225
2024-05-10,1247.271164133046,1205.1630955470341,1291.3475678058442
2024-05-11,1253.4957264880036,1209.2599727495121,1296.372350736059
2024-05-12,1250.8765133464292,1209.7397526157845,1297.455549101656
2024-05-13,1251.0677203032255,1206.0016164094027,1292.6653307792367
2024-05-14,1246.971828117699,1203.310874571074,1290.917041722307
2024-05-15,1250.4194145402282,1207.6875469221436,1298.230471342274
2024-05-16,1249.75562053246,1207.1287911197169,1294.8039948808341
2024-05-17,1251.1386794473533,1207.851642020967,1291.842884913247
2024-05-18,1256.9657409690824,1210.160012099129,1299.448531004226
2024-05-19,1253.9448067310218,1209.266057944437,1296.9911881732999
2024-05-20,1253.7386674764819,1209.0515623465744,1297.3533138828589
2024-05-21,1249.258096183014,1205.0749461106743,1294.5238482534824
2024-05-22,1252.3414527928048,1207.0966011550327,1295.4379102278756
2024-05-23,1251.3409649141897,1206.0652217773736,1298.110041662301
2024-05-24,1252.4210981985218,1211.4580165176453,1296.2282325161646
2024-05-25,1257.984252312964,1216.3340669562083,1305.2046290638525
2024-05-26,1254.7426024151093,1211.6476993358508,1300.8162898240812
2024-05-27,1254.3619777699575,1211.1858497695805,1299.8455559884144
2024-05-28,1249.7550324609297,1202.4217527830076,1293.2785161660286
2024-05-29,1252.7608631376959,1207.0766657435313,1296.5756705608517
2024-05-30,1251.731336247135,1208.3860708808456,1295.2530514305677
2024-05-31,1252.8295355255261,1207.5094473103002,1294.3351698927484
2024-06-01,1258.4555616672792,1213.8284612413768,1302.7160282236616
2024-06-02,1255.31849935266,1210.1585084710414,1302.3820543585657
2024-06-03,1255.0804378973526,1212.240957233972,1301.9389540442494
2024-06-04,1250.6497946912493,1209.1843680748034,1298.8237108292305
2024-06-05,1253.8610903814547,1209.652616117445,1297.6078157728577
2024-06-06,1253.0614323166074,1209.301159943371,1300.8228017088086
2024-06-07,1254.4091112572555,1208.7155158288374,1299.9093374617648
2024-06-08,1260.2995380559419,1216.4720249185348,1306.4986846426564
2024-06-09,1257.4373308259403,1212.3170371315866,1301.9909160600002
2024-06-10,1257.4804350308707,1215.9054342362906,1302.575925412055
2024-06-11,1253.3335227543982,1207.58218886756,1297.5714550996051
2024-06-12,1256.8278182230163,1211.330028719605,1297.583766894635
2024-06-13,1256.3076053017162,1212.7835332435716,1301.2151163223964
2024-06-14,1257.9288222712385,1212.8601776862904,1305.9617703372414
2024-06-15,1264.0849719745027,1219.156818512492,1313.2816411864012
2024-06-16,1261.4791602502162,1215.400138031853,1300.540589300779
2024-06-17,1261.7681484006284,1217.9733509436219,1306.481436964597
2024-06-18,1257.855670046613,1217.3843628941202,1301.2477209959648
2024-06-19,1261.5721641534071,1219.3193244558443,1308.4111788324242
2024-06-20,1261.2611850836306,1217.4736463874426,1307.7689776422567
2024-06-21,1263.07790041151,1217.6133662553602,1306.250842025837
2024-06-22,1269.4149096290353,1223.1765509353597,1316.440854233584
2024-06-23,1266.9742024731918,1223.6631853013732,1309.0677724598527
2024-06-24,1267.4111467136158,1223.0608684261117,1312.897435637612
2024-06-25,1263.6277602080806,1219.0558461716967,1303.8557793537154
2024-06-26,1267.4524222825253,1226.8742045943827,1313.3400326644166
2024-06-27,1267.2262876932466,1222.5656876953233,1311.8770873246556
2024-06-28,1269.1018151879314,1223.2788525514152,1313.1009719994659
2024-06-29,1275.468644337789,1231.259928271512,1321.5902898251234
2024-06-30,1273.0256377693365,1226.8272311018854,1315.724213742342
2024-07-01,1273.424977173465,1230.2987351238842,1316.0962676492234
2024-07-02,1269.5655643503776,1228.4441258275556,1312.2768335167796
2024-07-03,1273.2728781679111,1230.504899137312,1317.7075056278252
2024-07-04,1272.885545557688,1227.4381318997193,1315.9596022161031
2024-07-05,1274.554032710153,1230.6314715021995,1319.370131042357
2024-07-06,1280.6666837601913,1236.2776230765485,1325.4915967118693
2024-07-07,1277.9219174080342,1235.995288112295,1323.1482555977743
2024-07-08,1277.9724631037143,1233.6687166458514,1326.3640491049014
2024-07-09,1273.7188814860808,1230.8057254960313,1319.769522848131
2024-07-10,1276.9895138156662,1235.8576381806731,1323.9902629990102
2024-07-11,1276.1271130563364,1232.4058151275815,1322.4937996815454
2024-07-12,1277.287558187415,1233.4313549602316,1321.4767768537022
2024-07-13,1282.8658755489632,1241.153163170007,1328.4053504533315
2024-07-14,1279.5683754295133,1234.9534262781287,1325.1681582377546
2024-07-15,1279.063159207622,1234.148708242562,1321.5167705553956
2024-07-16,1274.2543696717885,1230.5986593455698,1320.1574242632353
2024-07-17,1276.9810767311615,1234.7960796714908,1320.9184996809117
2024-07-18,1275.5973094149415,1229.872463291567,1321.3080802795566
2024-07-19,1276.270513446371,1231.5854136509188,1322.0191509581794
2024-07-20,1281.4072899898683,1232.4737628877676,1326.3799455095188
2024-07-21,1277.7252312589164,1233.9516224569302,1321.9995946694175
2024-07-22,1276.896742178299,1229.4964346004838,1321.6194884746117
2024-07-23,1271.8421025208318,1225.0714113984307,1315.6888273761974
2024-07-24,1274.408925913284,1232.8043083277644,1321.3207117166355
2024-07-25,1272.9582816387617,1227.6931632760468,1318.3928004629086
2024-07-26,1273.6628953340505,1230.2890976812826,1319.080959733886
2024-07-27,1278.9326677182166,1234.7197043223014,1326.1397366894003
2024-07-28,1275.4863352468674,1230.2265606268968,1321.5149239158227
2024-07-29,1274.9951690087066,1231.5213214891971,1317.089115375814
2024-07-30,1270.375972062841,1226.2970009714695,1317.7600399349155
2024-07-31,1273.4705358178664,1229.6365867463232,1320.2608469597053
2024-08-01,1272.6318238323565,1226.6563125763473,1317.365168323158
2024-08-02,1274.022299701175,1232.3433020712496,1317.611356652675
2024-08-03,1280.0396367674286,1234.962520694488,1324.221148746632
2024-08-04,1277.3886301783941,1234.7180713982661,1319.6966411780757
2024-08-05,1277.7252022940575,1232.1580249921499,1326.8537099512755
2024-08-06,1273.9497545107997,1230.5366649471082,1319.252753475958
2024-08-07,1277.9159531124665,1235.121097125616,1322.9734458261316
2024-08-08,1277.93052827434,1234.018659828004,1323.4280177332612
2024-08-09,1280.1388495413162,1237.607948079018,1324.1057420091406
2024-08-10,1286.9221452349427,1242.0082796841714,1333.7029641023048
2024-08-11,1284.9698526014006,1238.4651488660909,1331.0221533351155
2024-08-12,1285.9240410542068,1242.3724039887688,1329.0933429558472
2024-08-13,1282.6731489939705,1238.953566572074,1325.352510424819
2024-08-14,1287.0321740902943,1241.0691356763552,1329.7707056533202
2024-08-15,1287.329564289974,1242.9306270793886,1332.903591909515
2024-08-16,1289.7062053310408,1243.6785038612065,1335.2070776899352
2024-08-17,1296.5417224860953,1253.1557176754611,1340.3707333840944
2024-08-18,1294.5268985331106,1248.7676775204718,1339.7985546927719
2024-08-19,1295.308082534641,1250.905219825351,1344.629343754263
2024-08-20,1291.7808287013022,1247.2866134091967,1337.0812801318552
2024-08-21,1295.7699064804588,1251.7150118148606,1340.8032700161127
2024-08-22,1295.6159328696924,1254.0592583365276,1339.2357755836492
2024-08-23,1297.4740288930523,1253.699701363822,1340.2095979003213
2024-08-24,1303.7397264113054,1258.7857807857272,1347.802056469008
2024-08-25,1301.1209377974174,1255.7192772119452,1344.128646294333
2024-08-26,1301.281875404129,1256.9627278607775,1345.5527992312902
2024-08-27,1297.136173922416,1251.999543671604,1340.9251436847971
2024-08-28,1300.5263716885893,1253.9294305563333,1343.6107769978246
2024-08-29,1299.8100175203665,1255.970506028175,1343.990017713427
2024-08-30,1301.1578208096157,1256.018960954668,1346.1921824037886
2024-08-31,1306.979086567239,1265.538467543621,1353.4220856739855
2024-09-01,1303.9932627370792,1256.3902000493026,1347.7685540313742
2024-09-02,1303.873500287773,1258.3307957900654,1351.2207145419422
2024-09-03,1299.5394911258954,1256.723036484131,1345.0260719902897
2024-09-04,1302.836749797565,1255.783040236468,1344.2727021270641
2024-09-05,1302.1226130915095,1255.4798836114599,1343.8548418338376
2024-09-06,1303.5643801475271,1257.9800976558602,1344.5638109443814
2024-09-07,1309.5648367842412,1267.6479520937419,1352.137431846815
2024-09-08,1306.8339903988308,1259.2715023646392,1351.6913393919324
2024-09-09,1307.0329119680146,1262.9235070745442,1352.215232616249
2024-09-10,1303.066943255523,1259.9185883504567,1346.2328245900903
2024-09-11,1306.7654254394354,1262.4256602585524,1351.4009651192112
2024-09-12,1306.468210941789,1261.1200508898892,1350.3017188875242
2024-09-13,1308.3243664711454,1262.5583191859625,1351.2948723942561
2024-09-14,1314.7182945289992,1267.7298906324395,1357.5755545290215
2024-09-15,1312.3420818587865,1267.8566762877983,1358.927221753832
2024-09-16,1312.8399525901516,1267.8925155872705,1357.7967177674986
2024-09-17,1309.1020650532164,1263.4244214316009,1353.093342286848
2024-09-18,1312.9447895640585,1269.3650089385208,1357.40809396171
2024-09-19,1312.6977108465571,1271.0197273388712,1358.934647234168
2024-09-20,1314.502746346717,1270.1964574181686,1359.229777901001
2024-09-21,1320.740592837277,1276.1632824695055,1363.1440132227096
2024-09-22,1318.1032973348272,1273.4391931591588,1361.2653655020613
2024-09-23,1318.2388204561069,1273.1314857501116,1360.5490840719597
2024-09-24,1314.0448247535985,1270.7459927216935,1359.5602461462304
2024-09-25,1317.3488223617549,1270.8211026790693,1359.9234075582367
2024-09-26,1316.4949262900402,1271.7311164052549,1358.7736731065386
2024-09-27,1317.6426010046307,1273.204312977507,1361.3754346419064
2024-09-28,1323.192632761077,1278.2418766733279,1364.0264117821207
2024-09-29,1319.8591273061463,1276.352805136396,1365.3175084596885
2024-09-30,1319.3134179519727,1278.4039862890745,1364.4815139145026
2024-10-01,1314.4771343598559,1269.2744679081732,1357.124760067804
2024-10-02,1317.2015866331328,1272.9289670798057,1361.384637583918
2024-10-03,1315.8537312566468,1271.848806231966,1360.8286179009622
2024-10-04,1316.614138054719,1271.9524098709894,1356.5190385209187
2024-10-05,1321.9022028270642,1276.347886949162,1369.0149037528488
2024-10-06,1318.4474374490385,1274.9604612118392,1362.7892140084484
2024-10-07,1317.932743865476,1273.7756614997343,1361.7528423764836
2024-10-08,1313.286944288595,1268.14890146186,1356.4828944929877
2024-10-09,1316.3637420339692,1273.3942117509544,1363.7036165274178
2024-10-10,1315.5273965870404,1270.258945228741,1359.7744668205069
2024-10-11,1316.9505457678038,1274.1458604499003,1360.9918211894874
2024-10-12,1323.0394294950024,1279.315840052908,1367.627234947985
2024-10-13,1320.5053525259655,1275.4650516510576,1363.5805814869468
2024-10-14,1321.0082936507006,1275.9853271320094,1370.6614386241513
2024-10-15,1317.4499299984218,1273.2813489576638,1362.8774291094996
2024-10-16,1321.6532424989346,1277.3595492838383,1365.9690246646046
2024-10-17,1321.948973062334,1277.2805258190392,1365.5674135355316
2024-10-18,1324.4743489096847,1279.4094137707543,1366.708824526663
2024-10-19,1331.5993070806674,1289.3202748710803,1379.0409599889945
2024-10-20,1329.9990314640477,1284.0757021465486,1373.6035338651418
2024-10-21,1331.2986818459028,1289.5097304890937,1376.9623590759024
2024-10-22,1328.3675533921485,1285.961100227298,1372.1343774945985
2024-10-23,1332.9998008893153,1288.516622923882,1379.188071315776
2024-10-24,1333.5019659496377,1286.4382364667506,1378.0267113114419
2024-10-25,1335.9926904969566,1294.4520861499152,1378.6979471134607
2024-10-26,1342.8298185780882,1296.7004179069543,1388.3332181557157
2024-10-27,1340.6836698861046,1301.1203622214302,1385.5176073812115
2024-10-28,1341.1823384043537,1296.4439047020257,1385.9054555417563
2024-10-29,1337.206232171778,1296.3275200348326,1379.6354914111566
2024-10-30,1340.5689704613499,1297.320481519337,1382.064476297995
2024-10-31,1339.6048635437876,1298.4382529662585,1384.7245982627785
2024-11-01,1340.4683508095588,1296.7300070089352,1384.5159172749472
2024-11-02,1345.5605975985854,1301.0905703809494,1391.0752140277084
2024-11-03,1341.6020384838057,1295.4206218442082,1387.7192251225802
2024-11-04,1340.2767308835507,1294.0479210463855,1387.6147286624848
2024-11-05,1334.5257514643015,1288.0445878213457,1376.674930168103
2024-11-06,1336.2267738075448,1291.805746241465,1378.3600378170963
2024-11-07,1333.7800799847168,1290.1623256681082,1378.0071586220615
2024-11-08,1333.4064139939526,1290.1422352440738,1380.6166670955288
2024-11-09,1337.5719135789382,1291.955003501053,1387.1459147072067
2024-11-10,1333.058947499597,1289.4853437496645,1381.123951333572
2024-11-11,1331.6087636672682,1287.8779844580492,1379.1099185417884
2024-11-12,1326.2132233399298,1281.6227982931462,1372.8185455313494
2024-11-13,1328.7928027162209,1285.7267692123621,1373.4354964468075
2024-11-14,1327.7811564719723,1283.162207794156,1372.8463930366945
2024-11-15,1329.4216910408304,1286.089004871973,1374.5875937755732
2024-11-16,1336.1914208950911,1294.285746756575,1379.585428416071
2024-11-17,1334.8709675247524,1292.3942743963264,1375.1384927466117
2024-11-18,1337.1866341349019,1291.56768128281,1381.4947024334829
2024-11-19,1336.101853047673,1291.1059905158934,1382.5549279513066
2024-11-20,1343.4952024538836,1301.320002458862,1386.2667160536148
2024-11-21,1347.7452953710294,1301.2804267740532,1391.1498174236501
2024-11-22,1355.0279895853712,1311.7029090594274,1401.7399703996489
2024-11-23,1367.7411853111532,1328.0343738733677,1412.036533370916
2024-11-24,1372.5760562657106,1328.3359177981326,1420.319408625898
2024-11-25,1381.1606259198586,1337.7290336441486,1425.617885685278
2024-11-26,1386.3529577809065,1344.024581130271,1430.8610214922378
2024-11-27,1399.9211219347112,1354.712154798875,1446.8363693698004
2024-11-28,1410.130200732567,1363.3577262321994,1452.4348735779988
2024-11-29,1423.041737764334,1378.9529523445453,1466.4064282173917
2024-11-30,1440.94084856392,1395.2186829649913,1482.398733043528
2024-12-01,1450.409787925281,1406.8610115062036,1496.3221521787498
2024-12-02,1462.9738334238755,1420.3864970944492,1508.5798902020979
2024-12-03,1471.3967017329448,1428.8211203650212,1515.920590570446
2024-12-04,1487.3626088402139,1441.0712245315465,1530.2815748223873
2024-12-05,1499.0651883151843,1457.382474197486,1543.5740169868282
2024-12-06,1512.5086266066103,1470.3839411063109,1554.4983482799423
2024-12-07,1529.9361933410198,1483.4559000952224,1575.143337499467
2024-12-08,1537.9049267161856,1494.456361275008,1581.9142084040602
2024-12-09,1547.932305367147,1507.3678987794408,1590.9080248642151
2024-12-10,1552.7921023626786,1507.9960746007869,1596.9276755874776
2024-12-11,1564.1965193398873,1518.2925120408268,1608.8586472525117
2024-12-12,1570.3848100217633,1525.9038221538617,1614.6792343694774
2024-12-13,1577.4237555478267,1530.2395280996232,1622.1021854157607
2024-12-14,1587.6351813543504,1541.5663297370158,1635.282869968909
2024-12-15,1587.6692955391854,1543.0794366878417,1629.040459890322
2024-12-16,1589.1497075671923,1543.6116574272212,1633.642574291056
2024-12-17,1584.967357467025,1539.197860477902,1629.8548272520632
2024-12-18,1586.9604942415551,1543.836786123411,1631.2841216432212
2024-12-19,1583.5009587273673,1538.139285000628,1628.1481250966085
2024-12-20,1580.792183528781,1535.3174504615968,1626.1314621888232
2024-12-21,1581.294152988669,1533.3653943737554,1625.0427883749412
2024-12-22,1571.7941581419745,1527.0118360208444,1612.2481460964225
2024-12-23,1564.049261015363,1519.3375227947715,1607.4841963286822
2024-12-24,1551.077753133408,1506.5614260646198,1597.741871396225
2024-12-25,1544.8367995885646,1501.238817138208,1593.3436771416405
2024-12-26,1533.8065732521952,1489.224835958058,1574.6866186196867
2024-12-27,1524.2863366633035,1479.7148624394374,1571.763467677039
2024-12-28,1518.8177540144818,1472.6612545888704,1562.6629160549905
2024-12-29,1504.254301292214,1458.8920052406818,1548.6321148377872
2024-12-30,1492.4027149747055,1448.3252952837347,1536.292085447647
2024-12-31,1476.3137825548467,1429.5540721875357,1520.7357916090145
2025-01-01,1467.9596766542272,1424.4008043615877,1512.1190560251111
2025-01-02,1455.8181395424256,1413.0356856638864,1497.022024080663
2025-01-03,1446.168969688327,1400.4673311378585,1485.6744437275886
2025-01-04,1441.5180789265326,1395.2075723130533,1484.9702322651622
2025-01-05,1428.6679669461155,1386.5638272659587,1471.2689488658148
2025-01-06,1419.3605252259704,1375.383268322851,1462.3902066453363
2025-01-07,1406.569439228509,1359.2233772763273,1451.9184575242405
2025-01-08,1402.1793508721585,1355.1943031858082,1441.7894148218768
2025-01-09,1394.5720440717,1351.3468958049286,1439.9266807397357
2025-01-10,1389.9250577641221,1346.7256395902757,1434.0803734501485
2025-01-11,1390.6379457743121,1348.1249169288658,1434.7713716520796
2025-01-12,1383.4049801733593,1339.2016491058366,1427.8776679468515
2025-01-13,1379.8601605699396,1336.5817919919068,1424.9904102808734
2025-01-14,1372.8717500076139,1325.5619282183213,1419.7503251031621
2025-01-15,1374.2234540074453,1326.7217675323159,1418.4313370044022
2025-01-16,1372.2024637557504,1329.8372096510482,1416.9401675032013
2025-01-17,1372.8997306825574,1328.5057511393813,1416.889598691934
2025-01-18,1378.637660026459,1333.6337759455569,1422.494023667751
2025-01-19,1376.0439943424276,1331.4822224408956,1423.2903732716354
2025-01-20,1376.69773024902,1329.6672953559696,1423.9440044138767
2025-01-21,1373.4242768108138,1330.7299064677468,1418.0244315578277
2025-01-22,1377.9769668319282,1334.8795317012011,1426.28253399527
2025-01-23,1378.6251437704807,1338.2023207742423,1422.2002612306806
2025-01-24,1381.4542000015629,1335.110114083766,1424.0750892583778
2025-01-25,1388.7927689031208,1342.399977955275,1434.7037184985631
2025-01-26,1387.2858624781404,1342.7234833917373,1432.013729272972
2025-01-27,1388.5398237836496,1340.7947521048332,1432.3509218938427
2025-01-28,1385.4163329831679,1340.1299807464625,1428.2503676079148
2025-01-29,1389.7126122962452,1344.4522195128131,1433.9637550352156
2025-01-30,1389.7480891945233,1347.0452336621338,1433.207161002188
2025-01-31,1391.662931870566,1344.3539277978982,1433.760740344057
2025-02-01,1397.8436984150374,1348.6386625101984,1443.6630878583253
2025-02-02,1394.994930044836,1349.1669749248103,1440.8013636889093
2025-02-03,1394.7825949969647,1348.1618775906788,1442.1994447236814
2025-02-04,1390.1266570609532,1343.8200027524417,1434.076177028141
2025-02-05,1392.8799461738931,1345.215878446501,1437.6739752507826
2025-02-06,1391.4136188512587,1347.4738926516677,1436.3929577170254
2025-02-07,1391.9146465717827,1347.236062130928,1438.425677526134
2025-02-08,1396.8105928359464,1354.8896126079646,1441.4727867790734
2025-02-09,1392.8405233797691,1351.020340557635,1439.1010774028146
2025-02-10,1391.6979649570299,1348.661398130536,1433.7685897186766
2025-02-11,1386.3231900725227,1342.021594616118,1432.1831943709346
2025-02-12,1388.582003203885,1344.5930907957445,1436.0752182657795
2025-02-13,1386.851309333195,1341.1063445230993,1428.54428363388
2025-02-14,1387.3168912448996,1344.1126862854594,1433.54101005223
2025-02-15,1392.3986404101101,1347.8980041504597,1437.2121170380512
2025-02-16,1388.8220663694713,1345.9676119459787,1433.7732514284664
2025-02-17,1388.26197743749,1342.5169431959841,1431.2326111556217
2025-02-18,1383.635585210604,1340.2010691790822,1425.7899956836654
2025-02-19,1386.7821819539724,1343.5059482945335,1432.9772444648038
2025-02-20,1386.0496444321636,1341.934634726364,1430.0158804377131
2025-02-21,1387.5931633546431,1344.5014507805029,1431.4236525558922
2025-02-22,1393.8014166808448,1349.5668107961158,1440.6044403297162
2025-02-23,1391.3689865286763,1346.7214286217084,1435.1000610968051
2025-02-24,1391.9408893846087,1346.420342580944,1435.4549537195287
2025-02-25,1388.406451570885,1343.5519319012133,1429.9878526045752
2025-02-26,1392.5796615867043,1347.789805831225,1437.7766186655854
2025-02-27,1392.7862388634048,1347.2994090631087,1434.1722047421817
2025-02-28,1395.1628077711082,1351.804001811401,1441.0145261891275
2025-03-01,1402.0833886261003,1356.6301532517016,1446.2768684660346
2025-03-02,1400.232002818834,1356.842912346763,1447.3743371729465
2025-03-03,1401.2472629306258,1359.5795810109782,1445.8490993539638
2025-03-04,1398.0161845769308,1352.25518994059,1443.3843201092534
2025-03-05,1402.3543597102764,1361.3611249039122,1447.0195158053175
2025-03-06,1402.5927420084408,1358.1412545093165,1447.0235870749864
2025-03-07,1404.8764468041195,1360.2923378369103,1448.1123582562352
2025-03-08,1411.5907929621465,1368.304782880435,1453.6934505674396
2025-03-09,1409.4334009825961,1362.9383001913327,1451.5779018957287
2025-03-10,1410.058236296302,1368.632100480792,1451.7807440181089
2025-03-11,1406.3688529599747,1364.313681552699,1450.4658486313335
2025-03-12,1410.1979957627311,1366.5214809630215,1454.9959525771528
2025-03-13,1409.8938289227094,1366.0818503925486,1456.2849729060968
2025-03-14,1411.6182101614181,1371.337225789613,1454.5877845254595
2025-03-15,1417.7722522287231,1374.0278996746677,1459.4965258235554
2025-03-16,1415.0679987828369,1370.7419549451852,1461.4175305999788
2025-03-17,1415.172113870921,1372.5918263665121,1458.9779165157627
2025-03-18,1410.9988479298831,1364.551514025388,1454.186280996726
2025-03-19,1414.3894433241776,1374.48178860677,1459.974349383899
2025-03-20,1413.6982498480934,1371.7996034385465,1456.5901029795914
2025-03-21,1415.0909685053025,1371.369415712136,1458.4991732510382
2025-03-22,1420.9702625583477,1375.3581712221269,1462.434392653214
2025-03-23,1418.0475572574003,1374.1924769566797,1460.2850095204276
2025-03-24,1417.9869198462195,1371.6384738872127,1461.7664088062054
2025-03-25,1413.6982732818788,1366.4591302508763,1455.6340031128407
2025-03-26,1417.0170957330956,1374.8019058951686,1461.4268008657582
2025-03-27,1416.2908642615002,1370.4493576517464,1459.6471896450896
2025-03-28,1417.6776483260649,1374.2806330611147,1461.84305242348
2025-03-29,1423.5720792081606,1376.546064629554,1468.0575073949578
2025-03-30,1420.6775040690982,1376.1678581410602,1463.4609465672365
2025-03-31,1420.650204143716,1375.2999757598475,1466.9959228398723
